,Class,Precision Mean,Precision SD,Recall Mean,Recall SD,F1 Score Mean,F1 Score SD,Support Mean,Support SD,Accuracy Mean,Accuracy SD,Briers Mean,Briers SD
0,HIGH,0.8473561845435297,0.05242124047515836,0.9140265929944856,0.021322664310561124,0.8787206455710628,0.03415034297084555,126.3,8.355237878121724,0.8673077599240532,0.0337939022473706,0.09270701481429391,0.015423089797769681
1,LOW,0.893946568454977,0.021969640921954647,0.8167158878852743,0.053576530769323526,0.8526673678119389,0.03371617638923195,111.8,8.506468127254696,0.8673077599240532,0.0337939022473706,0.09270701481429391,0.015423089797769681
