,Class,Precision Mean,Precision SD,Recall Mean,Recall SD,F1 Score Mean,F1 Score SD,Support Mean,Support SD,Accuracy Mean,Accuracy SD,Briers Mean,Briers SD
0,HIGH,0.8479341357138053,0.03011445430951507,0.9132203897533648,0.017638405711526632,0.8789497100604745,0.01706051435141146,126.3,5.866003750424985,0.8668717696283533,0.017750823673237184,0.0913267817587286,0.005254382138093389
1,LOW,0.8922871124169228,0.025003288503740825,0.8157245610338325,0.032105428985969256,0.851707338466019,0.019918316581360073,111.8,5.912698199637794,0.8668717696283533,0.017750823673237184,0.0913267817587286,0.005254382138093389
