,Class,Precision Mean,Precision SD,Recall Mean,Recall SD,F1 Score Mean,F1 Score SD,Support Mean,Support SD,Accuracy Mean,Accuracy SD,Briers Mean,Briers SD
0,HIGH,0.8684560579032334,0.023924192549431136,0.9001579754908973,0.036980262850312674,0.8833891768777933,0.019482019373721623,113.6,8.604649905719581,0.876442225635774,0.016958302914468988,0.0918236900494965,0.009939073165026225
1,LOW,0.8855526989814428,0.042977163073071374,0.8511038624666961,0.020820105321380837,0.8671513878403099,0.019488946240174717,103.3,8.729833904490967,0.876442225635774,0.016958302914468988,0.0918236900494965,0.009939073165026225
