,Class,Precision Mean,Precision SD,Recall Mean,Recall SD,F1 Score Mean,F1 Score SD,Support Mean,Support SD,Accuracy Mean,Accuracy SD,Briers Mean,Briers SD
0,HIGH,0.8497293288686819,0.03031699329322791,0.9168983926049057,0.02333159606116435,0.8818508189712947,0.024133967618419416,126.3,7.057619995437555,0.8702401462677122,0.025261195174213175,0.0903412620278237,0.012899267782675417
1,LOW,0.8966931846886463,0.029624489740009773,0.8181056741431284,0.03183574931443507,0.8553855911376894,0.027739590641780675,111.8,7.0823724838503095,0.8702401462677122,0.025261195174213175,0.0903412620278237,0.012899267782675417
