Thresholds,False Positive Rate,True Positive Rate
2.0,0.0,0.0
1.0,0.029516994633273702,0.6603325415676959
0.8,0.09212880143112702,0.8234362628661916
0.6,0.13416815742397137,0.9097387173396675
0.4,0.21288014311270126,0.9548693586698337
0.2,0.34525939177101966,0.9857482185273159
0.0,1.0,1.0
