,Class,Precision Mean,Precision SD,Recall Mean,Recall SD,F1 Score Mean,F1 Score SD,Support Mean,Support SD,Accuracy Mean,Accuracy SD,Briers Mean,Briers SD
0,HIGH,0.8312618253497932,0.028251566291530066,0.8899355798979466,0.02940519288226757,0.859236375026061,0.023074327633195252,97.6,6.726068688320095,0.8513089005235603,0.025456012107106202,0.09932206298619115,0.013331990298745851
1,LOW,0.8746420097119282,0.03962460787369605,0.8111301226875884,0.03304404361019923,0.8412305076412269,0.031012522478246717,93.4,6.726068688320095,0.8513089005235603,0.025456012107106202,0.09932206298619115,0.013331990298745851
