,Class,Precision Mean,Precision SD,Recall Mean,Recall SD,F1 Score Mean,F1 Score SD,Support Mean,Support SD,Accuracy Mean,Accuracy SD,Briers Mean,Briers SD
0,HIGH,0.844941223744596,0.0295661898729481,0.9135675948039872,0.028514585677479328,0.8776148123800391,0.023901329613379506,126.3,7.416872656315464,0.8655936851728139,0.023736379406381073,0.09224566744410456,0.012665400014748572
1,LOW,0.893091945570713,0.03463760178462255,0.8114589818307081,0.031113272441677043,0.8498839662725169,0.025929928787111246,111.8,7.35934779718964,0.8655936851728139,0.023736379406381073,0.09224566744410456,0.01266540001474857
