,Class,Precision Mean,Precision SD,Recall Mean,Recall SD,F1 Score Mean,F1 Score SD,Support Mean,Support SD,Accuracy Mean,Accuracy SD,Briers Mean,Briers SD
0,HIGH,0.8853183923299801,0.026004893179579276,0.90960037956158,0.0187498440320108,0.896906379479472,0.012829306580767934,126.3,7.785242449660768,0.8891266129882915,0.014901596135824119,0.08562532962975986,0.008688148521219241
1,LOW,0.8942909802923646,0.024128888481139896,0.8647691154038222,0.036280391827974864,0.8787514795716176,0.022082150323641168,111.8,7.972452571197899,0.8891266129882915,0.014901596135824119,0.08562532962975986,0.008688148521219241
