Thresholds,False Positive Rate,True Positive Rate
2.0,0.0,0.0
1.0,0.027105517909002903,0.625
0.8,0.08906098741529525,0.7931338028169014
0.6,0.14908034849951599,0.8996478873239436
0.4,0.2313649564375605,0.9515845070422535
0.2,0.36302032913843174,0.9867957746478874
0.0,1.0,1.0
