,Class,Precision Mean,Precision SD,Recall Mean,Recall SD,F1 Score Mean,F1 Score SD,Support Mean,Support SD,Accuracy Mean,Accuracy SD,Briers Mean,Briers SD
0,HIGH,0.8534670263734953,0.02372875389001727,0.8930433284590972,0.013666561530737054,0.872671370514119,0.016372860269135935,378.6666666666667,12.498888839501783,0.8630705394190872,0.021097392694601314,0.096975153258491,0.010983006021087845
1,LOW,0.8746141932485335,0.025121176013332417,0.8299715787768566,0.03402380257205124,0.8515415289608838,0.027698790929857654,344.3333333333333,12.498888839501783,0.8630705394190872,0.021097392694601314,0.096975153258491,0.010983006021087845
