,Class,Precision Mean,Precision SD,Recall Mean,Recall SD,F1 Score Mean,F1 Score SD,Support Mean,Support SD,Accuracy Mean,Accuracy SD,Briers Mean,Briers SD
0,HIGH,0.9033141208107995,0.031125226929398633,0.93177382350349,0.027591021360500338,0.9169932636107406,0.02420853044402699,126.3,4.69148164229596,0.9101174360957772,0.027832361497396665,0.06869809320347385,0.016608137478718282
1,LOW,0.9188372077318532,0.03587420032533314,0.8862017448727972,0.040153377359851465,0.9017514067861312,0.0327361871352405,111.8,4.728636167014756,0.9101174360957772,0.027832361497396665,0.06869809320347385,0.016608137478718282
