,Class,Precision Mean,Precision SD,Recall Mean,Recall SD,F1 Score Mean,F1 Score SD,Support Mean,Support SD,Accuracy Mean,Accuracy SD,Briers Mean,Briers SD
0,HIGH,0.898672137480028,0.027565417785078535,0.9311987605978216,0.021404423689711443,0.9141085838284276,0.010974901003927978,126.3,9.165696918401787,0.9076034597939595,0.010614202711463223,0.0683863654301888,0.006941360861324346
1,LOW,0.9189124108520748,0.024890643750797636,0.8810266690521026,0.033898154734313804,0.8988276278991275,0.014977676240380933,111.8,9.097252332435326,0.9076034597939595,0.010614202711463223,0.0683863654301888,0.006941360861324346
