,Class,Precision Mean,Precision SD,Recall Mean,Recall SD,F1 Score Mean,F1 Score SD,Support Mean,Support SD,Accuracy Mean,Accuracy SD,Briers Mean,Briers SD
0,HIGH,0.8958179654703535,0.03220014478308363,0.9237320511688261,0.01553211997464897,0.9091877107753621,0.017674739457613275,126.3,9.241753080449618,0.9029886431560072,0.01561026522072943,0.07058406185436518,0.0090618692557535
1,LOW,0.9109038983988655,0.01737321146194866,0.880008124307779,0.033643683861080784,0.8946792121861218,0.01668829113721688,111.8,9.421252570651102,0.9029886431560072,0.01561026522072943,0.07058406185436518,0.0090618692557535
