,Class,Precision Mean,Precision SD,Recall Mean,Recall SD,F1 Score Mean,F1 Score SD,Support Mean,Support SD,Accuracy Mean,Accuracy SD,Briers Mean,Briers SD
0,HIGH,0.9045115677083277,0.02352459842871687,0.9309157566506452,0.025221852349068794,0.9169965170063922,0.010694250838514689,126.3,6.2777384462878025,0.9105305720614606,0.0129432457750992,0.06804986049716959,0.005641323286172219
1,LOW,0.9189470718144973,0.030646676155210224,0.8880648902969387,0.03070514123971474,0.9024970989571701,0.01677326981648267,111.8,6.321392251711644,0.9105305720614606,0.0129432457750992,0.06804986049716959,0.005641323286172221
