,Class,Precision Mean,Precision SD,Recall Mean,Recall SD,F1 Score Mean,F1 Score SD,Support Mean,Support SD,Accuracy Mean,Accuracy SD,Briers Mean,Briers SD
0,HIGH,0.8942805497357984,0.02239468195057525,0.9254698865546735,0.019632188192185544,0.9094835079233643,0.018300739980653024,126.3,6.664082832618455,0.9025755071903239,0.019143795515772048,0.07006506578530994,0.01189074550918148
1,LOW,0.912323644266313,0.021746766563169647,0.8765831991243163,0.026537301493264016,0.8939284400764723,0.021230038209782667,111.8,6.63023378170031,0.9025755071903239,0.019143795515772048,0.07006506578530994,0.01189074550918148
