,Class,Precision Mean,Precision SD,Recall Mean,Recall SD,F1 Score Mean,F1 Score SD,Support Mean,Support SD,Accuracy Mean,Accuracy SD,Briers Mean,Briers SD
0,HIGH,0.8882931784515022,0.030061794106348655,0.9185926152096002,0.026920998570294084,0.9027358339346827,0.020398544270159975,113.6,6.560487786742691,0.8967293906810037,0.020615941958668147,0.07547628013312851,0.00787226165545255
1,LOW,0.9066548855720871,0.032458561516540495,0.8739471728277627,0.029915000649862078,0.889429819359249,0.021687123199645393,103.3,6.603786792439623,0.8967293906810037,0.020615941958668147,0.07547628013312851,0.00787226165545255
