,Class,Precision Mean,Precision SD,Recall Mean,Recall SD,F1 Score Mean,F1 Score SD,Support Mean,Support SD,Accuracy Mean,Accuracy SD,Briers Mean,Briers SD
0,HIGH,0.8657009465772413,0.03364912997407806,0.9036326117516891,0.03675787188534934,0.8840733677654729,0.032877706719901485,97.6,8.440379138403676,0.8811518324607329,0.02680403295533028,0.08322452774869112,0.011896288424127498
1,LOW,0.8980129471007405,0.027675866444723144,0.8556144635028649,0.025648317584071437,0.8760597319924912,0.022449510482677338,93.4,8.440379138403676,0.8811518324607329,0.02680403295533028,0.08322452774869112,0.011896288424127498
