,Class,Precision Mean,Precision SD,Recall Mean,Recall SD,F1 Score Mean,F1 Score SD,Support Mean,Support SD,Accuracy Mean,Accuracy SD,Briers Mean,Briers SD
0,HIGH,0.903792844093927,0.03819691745241966,0.9263422432770632,0.027056442972896663,0.9142278566202273,0.022474647388112313,126.3,7.416872656315464,0.9080394500896594,0.02340194810620906,0.06900630554481206,0.010785913324707878
1,LOW,0.9135579200129336,0.03601379546767485,0.8893141742688323,0.03886259249885149,0.9003992609393601,0.025684330104189673,111.8,7.613146524269712,0.9080394500896594,0.02340194810620906,0.06900630554481206,0.010785913324707878
