,Class,Precision Mean,Precision SD,Recall Mean,Recall SD,F1 Score Mean,F1 Score SD,Support Mean,Support SD,Accuracy Mean,Accuracy SD,Briers Mean,Briers SD
0,HIGH,0.890689925817411,0.021318272050486253,0.9162100301432169,0.016718204270146735,0.9030089762089112,0.011558544728526137,126.3,10.807867504739313,0.896265954080377,0.010083317627897949,0.07469355382417177,0.006052897097876699
1,LOW,0.9010097079977799,0.026597741586641115,0.87368540505721,0.020187873456119162,0.8868006098155549,0.01590545698457102,111.8,10.906878563548783,0.896265954080377,0.010083317627897949,0.07469355382417178,0.006052897097876705
