,Class,Precision Mean,Precision SD,Recall Mean,Recall SD,F1 Score Mean,F1 Score SD,Support Mean,Support SD,Accuracy Mean,Accuracy SD,Briers Mean,Briers SD
0,HIGH,0.8719697146432507,0.027998773880525796,0.8868952605557938,0.025012501637297433,0.8790963481141398,0.02153815037837257,113.6,6.916646586316234,0.8732121522444103,0.0191477151539734,0.0867780976763101,0.008106320538660434
1,LOW,0.8741076537639941,0.023303912486770707,0.8586530363680289,0.02435003668962742,0.8659845463820599,0.016775313374958464,103.3,6.827151675479314,0.8732121522444103,0.0191477151539734,0.0867780976763101,0.008106320538660434
