,Class,Precision Mean,Precision SD,Recall Mean,Recall SD,F1 Score Mean,F1 Score SD,Support Mean,Support SD,Accuracy Mean,Accuracy SD,Briers Mean,Briers SD
0,HIGH,0.8910161803603941,0.029116025156883465,0.9118161462931509,0.02202911890856229,0.9011403429962555,0.023341181823320137,126.3,7.5372408744845085,0.8945940719383987,0.021956281688947026,0.07541709848755211,0.014065067128234854
1,LOW,0.8980227260126004,0.024348819532560358,0.875138966159178,0.025665968301142136,0.8862752691627529,0.02219062092619281,111.8,7.56042326857432,0.8945940719383987,0.021956281688947026,0.07541709848755211,0.014065067128234854
