,Class,Precision Mean,Precision SD,Recall Mean,Recall SD,F1 Score Mean,F1 Score SD,Support Mean,Support SD,Accuracy Mean,Accuracy SD,Briers Mean,Briers SD
0,HIGH,0.8877051635492809,0.021632308264745412,0.9103090093402948,0.026025114356670636,0.8985586129921053,0.017022677585135704,126.3,3.5227829907617076,0.8912186631974965,0.017287792809465848,0.07588207416827326,0.010553049309336824
1,LOW,0.8967475689807788,0.026488065577389044,0.8693396046678679,0.0271556313799335,0.8823973889216024,0.018194253885829834,111.8,3.762977544445356,0.8912186631974965,0.017287792809465848,0.07588207416827326,0.010553049309336824
