,Class,Precision Mean,Precision SD,Recall Mean,Recall SD,F1 Score Mean,F1 Score SD,Support Mean,Support SD,Accuracy Mean,Accuracy SD,Briers Mean,Briers SD
0,HIGH,0.8560746675224216,0.03646800585551674,0.8682200986463456,0.04475855339537135,0.8610704588914848,0.028607853459211526,97.6,7.088018058667741,0.8586387434554975,0.022335841892881195,0.09495155720226509,0.007689618259054612
1,LOW,0.8627778080464348,0.037757330558293827,0.8485244968973413,0.03295720414680586,0.8545429819332886,0.019300245960205454,93.4,7.088018058667741,0.8586387434554975,0.022335841892881195,0.09495155720226509,0.007689618259054612
