,Class,Precision Mean,Precision SD,Recall Mean,Recall SD,F1 Score Mean,F1 Score SD,Support Mean,Support SD,Accuracy Mean,Accuracy SD,Briers Mean,Briers SD
0,HIGH,0.8905221882241487,0.032520030725303524,0.9061576016017059,0.023397105980222575,0.8979216541232097,0.022227887197077453,126.3,6.588626564011653,0.8912116310959531,0.021909005043449278,0.07589407461377873,0.012410463914541056
1,LOW,0.8925514190696899,0.023579219406063685,0.8741666497675474,0.03488289200554556,0.8828542677576859,0.022887916196056218,111.8,6.4,0.8912116310959531,0.021909005043449278,0.07589407461377873,0.012410463914541056
