,Class,Precision Mean,Precision SD,Recall Mean,Recall SD,F1 Score Mean,F1 Score SD,Support Mean,Support SD,Accuracy Mean,Accuracy SD,Briers Mean,Briers SD
0,HIGH,0.8886873571132243,0.028952823039469288,0.915371923913227,0.016762999533416634,0.9015553123116187,0.017895229788773965,126.3,9.327915093953205,0.8945870398368554,0.01763869623870637,0.07566442510752114,0.01139869927250417
1,LOW,0.9003295116168539,0.023754599467775715,0.8717615862165129,0.028772449065018215,0.8854593499051889,0.019731013327771513,111.8,9.421252570651102,0.8945870398368554,0.01763869623870637,0.07566442510752114,0.01139869927250417
