,Target,Method,Mean R2,SD R2,Mean MAE,SD MAE,Target SD
0,CO2 loading (mol/kg),MLR,0.79455873203029,0.007509437065717726,0.8885427925308628,0.026493965727450827,2.9438156923849883
1,CH4 loading (mol/kg),MLR,0.7632752345719246,0.016159415950088556,0.23800659610628808,0.0073479204489809114,0.7169461048779948
2,SC CO2 loading (mol/kg),MLR,0.8809752944869378,0.004675029982816854,1.0608835069752882,0.032393097105696475,4.462721112533604
3,SC CH4 loading (mol/kg),MLR,0.695644135069084,0.0189792262823533,0.651835740238569,0.015881882801896296,1.785025380592368
4,TSN,MLR,0.4896183243177676,0.028246315453570345,1.5978511540003222,0.040197345448802366,4.021622957453058
5,LOG10 TSN,MLR,0.48766126443419083,0.11211346407235834,0.14678289454977003,0.0069563353565627,0.3402861966486196
