,Target,Method,Mean R2,SD R2,Mean MAE,SD MAE,Target SD
0,CO2 loading (mol/kg),MLR,0.7813568882399485,0.031953846088227225,0.9139040176565416,0.06968754781371209,2.922100886232721
1,CH4 loading (mol/kg),MLR,0.7724837630135213,0.03773469437576722,0.23926792076965048,0.015124807788579428,0.7290192985298902
2,SC CO2 loading (mol/kg),MLR,0.8889448090106964,0.016152220583998057,1.0435273754781917,0.07917197726015207,4.552568098123818
3,SC CH4 loading (mol/kg),MLR,0.6257802018426666,0.053070066650945914,0.7049059920932628,0.03425211912665811,1.7620383657909595
4,TSN,MLR,0.48199767245262315,0.09694622242174869,1.573106915603603,0.09673990090309395,3.9420203918064325
5,LOG10 TSN,MLR,0.48444039705566866,0.09321069873136315,0.14616829830175193,0.008915223711455866,0.33820489823949274
