,Target,Method,Mean R2,SD R2,Mean MAE,SD MAE,Target SD
0,CO2 loading (mol/kg),MLR,0.8009240245390604,0.03231666730613812,0.8916239002036873,0.0613091903679792,3.0043915345947423
1,CH4 loading (mol/kg),MLR,0.7697543784994546,0.02953400812720427,0.23579153015235593,0.010169004321602355,0.7259442473555415
2,SC CO2 loading (mol/kg),MLR,0.8817513044073724,0.012699259365070567,1.073739311289974,0.041210192326685234,4.571950359172822
3,SC CH4 loading (mol/kg),MLR,0.7066661368114023,0.04147500387282923,0.6460995948204193,0.03909203430851444,1.8025077948392052
4,TSN,MLR,0.49884986230503436,0.1034598052443375,1.5625846193837323,0.11225044119856899,3.994311734858505
5,LOG10 TSN,MLR,0.5045718211380819,0.09817838092991743,0.14687623602042824,0.0093012538105574,0.34532194239506586
