,Target,Method,Mean R2,SD R2,Mean MAE,SD MAE,Target SD
0,CO2 loading (mol/kg),MLR,0.7740877788266967,0.03618411033993984,0.9215977575765922,0.05082299221912974,2.922100886232721
1,CH4 loading (mol/kg),MLR,0.7710259894915896,0.02677433634149647,0.23918927692188813,0.011776309659723578,0.7290192985298902
2,SC CO2 loading (mol/kg),MLR,0.8868957732006522,0.01205739461726856,1.0600260182996981,0.06543314379195629,4.552568098123818
3,SC CH4 loading (mol/kg),MLR,0.6206318221984722,0.04865710380083267,0.7046360599868388,0.036992446039618175,1.7620383657909595
4,TSN,MLR,0.46692165919614564,0.11419730930308515,1.5919744825460438,0.11666231345787197,3.9420203918064325
5,LOG10 TSN,MLR,0.465077045874777,0.09689868096726013,0.14816157942386773,0.006088731238837155,0.33820489823949274
