,Target,Method,Mean R2,SD R2,Mean MAE,SD MAE,Target SD
0,CO2 loading (mol/kg),MLR,0.7918245161732272,0.04194765755979704,0.8884256097943467,0.06070211437709693,2.9438156923849883
1,CH4 loading (mol/kg),MLR,0.763681741754549,0.03145015382506273,0.2378445120408914,0.01032006376034995,0.7169461048779948
2,SC CO2 loading (mol/kg),MLR,0.8804851062366881,0.015156874499521493,1.0596633044941322,0.06173765500783463,4.462721112533604
3,SC CH4 loading (mol/kg),MLR,0.6992731866521771,0.019495958033994332,0.6490557674876544,0.034207163947187175,1.785025380592368
4,TSN,MLR,0.4785797041425037,0.12008744200893486,1.6001347674689028,0.07765924833306968,4.021622957453058
5,LOG10 TSN,MLR,0.49383955697456267,0.07557477169575731,0.14642505012882961,0.008643157975112937,0.3402861966486196
