,Target,Method,Mean R2,SD R2,Mean MAE,SD MAE,Target SD
0,CO2 loading (mol/kg),MLR,0.7792000786955512,0.03669062549653644,0.9147493421328228,0.06596568905113598,2.922100886232721
1,CH4 loading (mol/kg),MLR,0.7715005404790242,0.02357982217675513,0.23976225635990497,0.007741834555727288,0.7290192985298902
2,SC CO2 loading (mol/kg),MLR,0.888461596461416,0.01434044703414757,1.04382581795856,0.04077250223996301,4.552568098123818
3,SC CH4 loading (mol/kg),MLR,0.6251814529032184,0.04299770744591399,0.7040733217788813,0.037695837163992794,1.7620383657909595
4,TSN,MLR,0.48520617439941693,0.09104070104390763,1.5736417077489149,0.12007602821737325,3.9420203918064325
5,LOG10 TSN,MLR,0.47795374670826707,0.17727605918917078,0.14618646351684342,0.01119996605444785,0.33820489823949274
