,Target,Method,Mean R2,SD R2,Mean MAE,SD MAE,Target SD
0,CO2 loading (mol/kg),RF,0.9092560602157868,0.01627762535485324,0.5552132333173213,0.03465961882913931,2.922100886232721
1,CH4 loading (mol/kg),RF,0.9359079004854637,0.013148031783861133,0.11580711991822586,0.0053914544414021895,0.7290192985298902
2,SC CO2 loading (mol/kg),RF,0.9568733051891727,0.0067663840902273545,0.581381593378315,0.041905344305365556,4.552568098123818
3,SC CH4 loading (mol/kg),RF,0.8805114392538975,0.02075011732792839,0.37719943992140104,0.0254654822801859,1.7620383657909595
4,TSN,RF,0.7337162169474407,0.051707876362111875,1.080373439535944,0.06162725313886225,3.9420203918064325
5,LOG10 TSN,RF,0.8181414027771166,0.05207536508965813,0.08395604796009078,0.007163299863323542,0.33820489823949274
