,Target,Method,Mean R2,SD R2,Mean MAE,SD MAE,Target SD
0,CO2 loading (mol/kg),RF,0.9084773246949132,0.017483358002658003,0.5570114128377699,0.03624955177509182,2.922100886232721
1,CH4 loading (mol/kg),RF,0.9336772523093627,0.016642665092760193,0.11766113250564543,0.005759971258042797,0.7290192985298902
2,SC CO2 loading (mol/kg),RF,0.9577048015263493,0.006499476213913882,0.580690714958984,0.025828017741174762,4.552568098123818
3,SC CH4 loading (mol/kg),RF,0.8790426453640524,0.021248141887719042,0.3748780716169211,0.0281313358430177,1.7620383657909595
4,TSN,RF,0.7454993918703271,0.06307847263410774,1.067614517065315,0.08315548748236108,3.9420203918064325
5,LOG10 TSN,RF,0.8268208503778354,0.04434293884166282,0.08265336370459615,0.006359268332225412,0.33820489823949274
