,Target,Method,Mean R2,SD R2,Mean MAE,SD MAE,Target SD
0,CO2 loading (mol/kg),RF,0.9013379174339242,0.013115314681729735,0.5948855928282833,0.03995298323142041,2.9438156923849883
1,CH4 loading (mol/kg),RF,0.9264211992444646,0.021377576483679765,0.12462984128383334,0.009764391086195206,0.7169461048779948
2,SC CO2 loading (mol/kg),RF,0.9532180458390878,0.007783822222228938,0.6120932830668999,0.03673684221484453,4.462721112533604
3,SC CH4 loading (mol/kg),RF,0.8724474582411474,0.01642390655287802,0.402830447081838,0.01899148308994516,1.785025380592368
4,TSN,RF,0.7267868791013102,0.05228562500966175,1.1466433097802322,0.08901683978738542,4.021622957453058
5,LOG10 TSN,RF,0.804059271180844,0.048947593984296774,0.09082952953817626,0.0057020985941292155,0.3402861966486196
