,Target,Method,Mean R2,SD R2,Mean MAE,SD MAE,Target SD
0,CO2 loading (mol/kg),RF,0.889071839529962,0.02629029760454767,0.653301884497772,0.05749268125386442,3.0043915345947423
1,CH4 loading (mol/kg),RF,0.9229629490123733,0.017174947843584448,0.13304480379085287,0.011193694381712482,0.7259442473555415
2,SC CO2 loading (mol/kg),RF,0.9493858579478124,0.013733866327724147,0.6623403499243381,0.05233464475035014,4.571950359172822
3,SC CH4 loading (mol/kg),RF,0.8636628975601601,0.020974503760174772,0.43263980394297175,0.02783048852767664,1.8025077948392052
4,TSN,RF,0.684179131042695,0.07022282239898522,1.222475601837629,0.08044897509660923,3.994311734858505
5,LOG10 TSN,RF,0.7947518835526116,0.03746954178550922,0.09636681733814115,0.006927132390259979,0.34532194239506586
