,Target,Method,Mean R2,SD R2,Mean MAE,SD MAE,Target SD
0,CO2 loading (mol/kg),RF,0.8699762218775331,0.003890939614795641,0.6909626842667562,0.006600622053310912,2.922100886232721
1,CH4 loading (mol/kg),RF,0.9112687035092526,0.007259486633266643,0.14526866907133162,0.00469083384060115,0.7290192985298902
2,SC CO2 loading (mol/kg),RF,0.9382092434201209,0.0034769043182224513,0.7170849514473336,0.005628479901405803,4.552568098123818
3,SC CH4 loading (mol/kg),RF,0.8276519445964321,0.02122464678152125,0.46908006494263255,0.02559979800812373,1.7620383657909595
4,TSN,RF,0.6078428194195474,0.030108679366650848,1.301606149733865,0.0040628999323536474,3.9420203918064325
5,LOG10 TSN,RF,0.7344982540781788,0.02057257830724507,0.10411220671579627,0.0016031690890735764,0.33820489823949274
