,Target,Method,Mean R2,SD R2,Mean MAE,SD MAE,Target SD
0,CO2 loading (mol/kg),RF,0.9074769095182409,0.016473652801387285,0.5581983710611536,0.039678792763480394,2.922100886232721
1,CH4 loading (mol/kg),RF,0.9356573048225592,0.014169047049442324,0.11546079351243307,0.00870374634643121,0.7290192985298902
2,SC CO2 loading (mol/kg),RF,0.9582837595571496,0.008817331188461572,0.5804800271705154,0.046883487736835705,4.552568098123818
3,SC CH4 loading (mol/kg),RF,0.8813349116521113,0.012417907825641209,0.37374412760081477,0.010555822937793667,1.7620383657909595
4,TSN,RF,0.734538906529555,0.08298816445737961,1.0690627242325554,0.08358667929092183,3.9420203918064325
5,LOG10 TSN,RF,0.822570989638683,0.03697308145752685,0.08371756635487346,0.006292461646526512,0.33820489823949274
