,Target,Method,Mean R2,SD R2,Mean MAE,SD MAE,Target SD
0,CO2 loading (mol/kg),SVM,0.885751230264755,0.015664226785011212,0.6342059930119839,0.039079108192639773,2.922100886232721
1,CH4 loading (mol/kg),SVM,0.9340522590326925,0.012046166949668412,0.12547623442140782,0.004943118735464747,0.7290192985298902
2,SC CO2 loading (mol/kg),SVM,0.9578110276474086,0.008568851323283298,0.5998675636965647,0.04631978293681868,4.552568098123818
3,SC CH4 loading (mol/kg),SVM,0.8980880764936263,0.020172292887123508,0.3551206084957563,0.017575787173725953,1.7620383657909595
4,TSN,SVM,0.7054176185518358,0.09956372441027345,1.1596233957262227,0.06386616352375499,3.9420203918064325
5,LOG10 TSN,SVM,0.8371700466088047,0.028790444904959425,0.09391415616193177,0.0051370538042808675,0.33820489823949274
