,Target,Method,Mean R2,SD R2,Mean MAE,SD MAE,Target SD
0,CO2 loading (mol/kg),SVM,0.90348678370445,0.01552253713275863,0.5948698418204218,0.0435256771988149,2.922100886232721
1,CH4 loading (mol/kg),SVM,0.9432841648640654,0.010122039237728666,0.11990993554583489,0.008327421009353207,0.7290192985298902
2,SC CO2 loading (mol/kg),SVM,0.9617238057425214,0.007562807451645646,0.5810595616981062,0.04576493903973515,4.552568098123818
3,SC CH4 loading (mol/kg),SVM,0.9099031136564086,0.01358120724447314,0.34499026253225334,0.022282335121412793,1.7620383657909595
4,TSN,SVM,0.7288587065643746,0.05887052736396969,1.1044272726225235,0.07824137731132805,3.9420203918064325
5,LOG10 TSN,SVM,0.8531154590895419,0.029478216441561577,0.08868630025415797,0.006039396498359363,0.33820489823949274
