,Target,Method,Mean R2,SD R2,Mean MAE,SD MAE,Target SD
0,CO2 loading (mol/kg),SVM,0.8950716230048859,0.02599726572512008,0.6429407480162195,0.07161309967365195,3.0043915345947423
1,CH4 loading (mol/kg),SVM,0.9240957007335627,0.028075056739359013,0.1264327247163694,0.008530363240333341,0.7259442473555415
2,SC CO2 loading (mol/kg),SVM,0.9530494008280085,0.005806559648357215,0.6695618424707755,0.04687787421779526,4.571950359172822
3,SC CH4 loading (mol/kg),SVM,0.888741535019084,0.017797881534335657,0.39494866815653606,0.022455101016161896,1.8025077948392052
4,TSN,SVM,0.6883443790211808,0.0882466569731244,1.2041852334163856,0.10657356254348209,3.994311734858505
5,LOG10 TSN,SVM,0.8223836688151455,0.033943030898952585,0.09860545119995895,0.006494182035498134,0.34532194239506586
