,Target,Method,Mean R2,SD R2,Mean MAE,SD MAE,Target SD
0,CO2 loading (mol/kg),SVM,0.9016753149238259,0.015993979979968778,0.6005219837288568,0.03312185823699313,2.9438156923849883
1,CH4 loading (mol/kg),SVM,0.9405629511819464,0.017739543480178022,0.11628160416135354,0.008498302374708515,0.7169461048779948
2,SC CO2 loading (mol/kg),SVM,0.9554680584181415,0.006598793358061355,0.6206528219044697,0.04742214997971963,4.462721112533604
3,SC CH4 loading (mol/kg),SVM,0.8964853648067626,0.02354350405194322,0.3716753485647263,0.028097682957739154,1.785025380592368
4,TSN,SVM,0.7113055699869628,0.07136685606908358,1.1147915532120032,0.11383595383414508,4.021622957453058
5,LOG10 TSN,SVM,0.8289494114028543,0.028126745427887644,0.09555076483614137,0.005225235142110361,0.3402861966486196
