,Target,Method,Mean R2,SD R2,Mean MAE,SD MAE,Target SD
0,CO2 loading (mol/kg),SVM,0.9024770173278563,0.00877386023966836,0.6094758335552232,0.029155952861810837,2.9438156923849883
1,CH4 loading (mol/kg),SVM,0.9372941260405866,0.007433909452431276,0.12070667362574718,0.006340368424289582,0.7169461048779948
2,SC CO2 loading (mol/kg),SVM,0.9515255627551616,0.0042493634859636625,0.6437127218206348,0.005116218234355941,4.462721112533604
3,SC CH4 loading (mol/kg),SVM,0.8880885159594752,0.007974910397576819,0.39054629174617134,0.011904389597409745,1.785025380592368
4,TSN,SVM,0.6936246132493503,0.021474391248973337,1.229350164441919,0.039511598763583254,4.021622957453058
5,LOG10 TSN,SVM,0.8268485999831672,0.007734710931512612,0.09576411157945118,0.0024250526153644474,0.3402861966486196
