,Target,Method,Mean R2,SD R2,Mean MAE,SD MAE,Target SD
0,CO2 loading (mol/kg),SVM,0.9121269151690466,0.01385646691111847,0.5578896911598517,0.029284201336313806,2.922100886232721
1,CH4 loading (mol/kg),SVM,0.9479553037514563,0.00766254074208383,0.11241715081224868,0.00354524591911767,0.7290192985298902
2,SC CO2 loading (mol/kg),SVM,0.9582665737561398,0.009412255406828591,0.5960293633447568,0.05152365279674751,4.552568098123818
3,SC CH4 loading (mol/kg),SVM,0.8981117439963124,0.01500402748772965,0.3588193015584268,0.02332426176113238,1.7620383657909595
4,TSN,SVM,0.7248405728707048,0.0565595661189614,1.0658952837460294,0.08785014658921242,3.9420203918064325
5,LOG10 TSN,SVM,0.8389525940577378,0.03272145813153726,0.09367747417914271,0.006327419310973086,0.33820489823949274
